author,comments,name,press,price,rank
云葭,9028条评论,一本书读完最美古诗词（上下册）,中国华侨出版社,¥37.50,121.
陈梦敏,250900条评论,学会管自己（歪歪兔独立成长童话）,海豚出版社,¥88.30,122.
果麦,185672条评论,给孩子读诗（畅销100万册纪念，全新升级AR版，扫码免费收听。闫妮,浙江文艺出版社,¥46.90,123.
希利尔,117266条评论,希利尔讲世界史、世界地理、艺术史 套装,贵州教育出版社,¥94.10,124.
杨红樱,507条评论,笑猫日记--又见小可怜,明天出版社,¥15.80,125.
艾克拜尔,105859条评论,阿凡提经典故事系列丛书（全4册）,新疆青少年出版社,¥55.00,126.
海伦·帕尔默,18317条评论,九型人格 : 职场高品质沟通的艺术,北京联合出版公司,¥39.80,127.
渡边淳一,428条评论,失乐园,青岛出版社,¥35.70,128.
学研教育出版,52066条评论,让孩子爱上科学的趣味实验大百科,浙江少年儿童出版社,¥78.60,129.
萧红,62114条评论,呼兰河传（此版本当当网销量遥遥领先！《呼兰河传》和《生死场》,北京联合出版公司,¥19.90,130.
廉萍,1797条评论,陪孩子读古诗词（精装，4册套装，含配乐朗诵）,中国少年儿童出版社,¥163.70,131.
英格丽,49468条评论,多莱尔的希腊神话书（畅销千万册，纽约公共图书馆“百年百佳书”,江苏教育出版社,¥83.60,132.
张嘉骅,1601条评论,少年读西游记（套装全3册）,青岛出版社,¥75.20,133.
罗杰·哈格里维斯,52460条评论,奇先生妙小姐·全新译本（全83册）,人民邮电出版社,¥339.30,134.
中央党校采访实录编辑室,8645条评论,习近平的七年知青岁月              100册以上团购请联系电话010,中共中央党校出版社,¥52.20,135.
克尔,72122条评论,环球旅行,未来出版社,¥62.00,136.
陈卫平,70283条评论,写给儿童的世界历史（全16册）,贵州教育出版社,¥330.80,137.
歪歪兔关键期早教项目组,102885条评论,不用说，孩子就会听——歪歪兔逆反期教育系列图画书（全8册）,海豚出版社,¥60.10,138.
桑妮,35828条评论,且以优雅过一生：杨绛传,湖南文艺出版社,¥22.00,139.
楠茂宣,33736条评论,请不要生气·日本精选儿童成长绘本系列,北京科学技术出版社,¥28.00,140.
周国平,56070条评论,我喜欢生命本来的样子(周国平经典散文作品集),作家出版社,¥42.80,1.
戴维·伽特森,43509条评论,雪落香杉树 (福克纳奖得主，全球畅销500万册),作家出版社,¥49.40,2.
乔安娜柯尔,219658条评论,神奇校车·桥梁书版（全20册）,贵州人民出版社,¥120.20,3.
郑利强,159288条评论,我的第一本地理启蒙书,新世界出版社,¥34.40,4.
余华,22997条评论,活着（2017年新版）,作家出版社,¥25.00,5.
高春香,295685条评论,这就是二十四节气（中国二十四节气彩绘版，文津图书奖获奖绘本，,海豚出版社,¥86.60,6.
加西亚·马尔克斯,131949条评论,马尔克斯：百年孤独（50周年纪念版）,南海出版公司,¥54.50,7.
高铭,530414条评论,天才在左疯子在右（完整版）,北京联合出版公司,¥35.60,8.
丹姆,384003条评论,小熊和最好的爸爸（全7册）,贵州人民出版社,¥27.00,9.
二混子,85585条评论,半小时漫画中国史（修订版）(其实是一本严谨的极简中国史。团购电,江苏文艺出版社,¥29.90,10.
张嘉骅,131423条评论,少年读史记（套装全5册）,青岛出版社,¥84.20,11.
东野圭吾,1348930条评论,东野圭吾：解忧杂货店,南海出版公司,¥39.10,12.
陈卫平,285325条评论,写给儿童的中国历史（全14册）,新世界出版社,¥284.50,13.
杨绛,638742条评论,我们仨（新版）,生活.读书.新知三联书店,¥20.50,14.
东野圭吾,91465条评论,东野圭吾：白夜行（2017版）,南海出版公司,¥59.00,15.
佐佐木圭一,207526条评论,所谓情商高，就是会说话,北京联合出版公司,¥28.40,16.
太宰治,342425条评论,人间失格（日本小说家太宰治的自传体小说）,作家出版社,¥17.30,17.
卡勒德·胡赛尼,1632441条评论,追风筝的人（1-9年级必读书单）,上海人民出版社,¥27.60,18.
加·泽文,667587条评论,岛上书店（每个人的生命中，都有无比艰难的那一年，将人生变得美,江苏文艺出版社,¥17.50,19.
珊蒂克雷文,71907条评论,学会爱自己（教孩子免受性侵犯！学会保护自己！）（全3辑，共14册,青岛出版社,¥155.00,20.
王小波,10885条评论,一只特立独行的猪,北京十月文艺出版社,¥33.30,21.
亚历山德拉·米热林斯卡,437763条评论,《地图（人文版）》手绘世界地图·儿童百科绘本,贵州人民出版社,¥78.60,22.
姜自霞,20538条评论,魔法拼音国（套装 共7册）,浙江少年儿童出版社,¥49.00,23.
乔安娜柯尔,673548条评论,神奇校车·图画书版（全11册）,贵州人民出版社,¥105.80,24.
李思圆,4705条评论,生活需要仪式感 （你可以活得更高级，把温暖和感动带给你在乎的人,山东文艺出版社,¥23.00,25.
大冰,265708条评论,我不（大冰2017新作。再度突破当当预售新记录！10分钟卖出10万册,湖南文艺出版社,¥31.20,26.
哥伦,145078条评论,霍乱时期的爱情（2015版）,南海出版公司,¥47.00,27.
艾伦·贝克尔,56591条评论,不可思议的旅程（凯迪克大奖绘本三部曲）,新星出版社,¥102.90,28.
贾平凹,268921条评论,自在独行     贾平凹的独行世界,长江文艺出版社,¥34.60,29.
斯凯瑞,295798条评论,斯凯瑞金色童书·第一辑（全4册）,贵州人民出版社,¥66.80,30.
莱曼·弗兰克·鲍姆,33506条评论,百年童话绘本·典藏版（全套5辑共30册）,北京联合出版公司,¥306.40,31.
余华,150893条评论,第七天（余华作品，比《活着》更绝望，比《兄弟》更荒诞）,新星出版社,¥28.00,32.
克莱儿·麦克福尔,696534条评论,摆渡人（如果命运是一条孤独的河流，谁会是你灵魂的摆渡人？）,百花洲文艺出版社,¥28.60,33.
毛姆,16406条评论,月亮和六便士（又译作《月亮与六便士》，2017修订详注版+无删节全,时代文艺出版社,¥18.60,34.
安东尼·布朗,183013条评论,我爸爸+我妈妈（全2册）,   ,¥44.40,35.
东野圭吾,162900条评论,东野圭吾：恶意（2016版）,南海出版公司,¥39.10,36.
简·尼尔森,110947条评论,《正面管教》修订版,北京联合出版公司,¥27.20,37.
黄仁宇,120438条评论,万历十五年,生活.读书.新知三联书店,¥23.10,38.
弗雷德里克·巴克曼,80658条评论,外婆的道歉信（马思纯领读书目，人民日报、央视推荐。年度口碑爆,天津人民出版社,¥36.80,39.
安托万·德·圣埃克苏佩里,576377条评论,小王子（畅销280万册，作者基金会官方认证简体中文版）,天津人民出版社,¥26.60,40.
阿梅莉·卡斯唐,938条评论,去旅行系列（全2册）法国教育部推荐！深度知识体系的人文地理百科,广西科学技术出版社,¥164.50,81.
东野圭吾,1227条评论,东野圭吾：假面山庄（东野圭吾烧脑长篇）,北京十月文艺出版社,¥42.80,82.
琬如,2719条评论,飞花令里读诗词 套装全4册,时代文艺出版社,¥83.40,83.
不列颠百科出品,107602条评论,大英儿童百科全书（全16卷）,湖南少儿出版社,¥309.10,84.
刘同,15668条评论,我在未来等你：刘同2017年新书,北京联合出版有限公司,¥33.40,85.
莫里斯桑达克,77351条评论,野兽国 （凯迪克金奖绘本，莫里斯桑达克代表品）,贵州人民出版社,¥27.70,86.
东野圭吾,103299条评论,东野圭吾：时生（东野圭吾暖心力作）,南海出版公司,¥35.30,87.
莳田晋至,3141条评论,在教室说错了没关系,青岛出版社,¥24.80,88.
哈珀·李,113070条评论,杀死一只知更鸟（纪念版）,译林出版社,¥29.20,89.
高苏珊娜,182018条评论,法布尔昆虫记（全10册）（儿童彩图版）,北京科学技术出版社,¥178.50,90.
玛丽安妮,513条评论,美国妈妈选择奖金奖绘本（套装共4册）,天津人民出版社,¥87.20,91.
山姆·麦克布雷尼,70条评论,猜猜我有多爱你 信谊世界精选图画书,明天出版社,¥34.40,92.
东野圭吾,1159条评论,放学后（东野圭吾成名作）,南海出版公司,¥42.80,93.
余华,3269条评论,许三观卖血记（新版）,作家出版社,¥28.60,94.
黑柳彻子,607049条评论,窗边的小豆豆,南海出版公司,¥24.10,95.
林奕含,841条评论,房思琪的初恋乐园,北京联合出版有限公司,¥35.70,96.
古斯塔夫·勒庞,18134条评论,乌合之众：群体时代的大众心理（精装插图版）,北京联合出版公司,¥29.90,97.
维尔纳霍尔茨瓦特,47335条评论,是谁嗯嗯在我的头上,河北教育出版社,¥23.10,98.
康恩·伊古尔登,46967条评论,男孩的冒险书（少儿绘图版，全三册）,广西科学技术出版社,¥150.70,99.
佐佐木洋子,535754条评论,小熊宝宝绘本（全15册）,连环画出版社,¥67.80,100.
马克·李维,848328条评论,偷影子的人,湖南文艺出版社,¥23.80,61.
卡尔,181882条评论,好饿的毛毛虫,明天出版社,¥35.20,62.
米莎·布莱斯,9362条评论,生命 : 万物不可思议的连接方式（让孩子们秒懂世界起源的万物简史,江苏凤凰美术出版社,¥60.70,63.
林汉达,140315条评论,上下五千年（最新版）,少年儿童出版社,¥70.60,64.
稻盛和夫,80463条评论,阿米巴经营——畅销十周年纪念版，当当全国独家（团购，请致电01,中国大百科全书出版社,¥27.60,65.
科恩,70253条评论,游戏力（套装全2册）,中国人口出版社,¥70.80,66.
伍绮诗,178682条评论,无声告白（就是她！征服欧美文坛的华裔作家！）,江苏文艺出版社,¥24.20,67.
乔安娜·柯尔,43377条评论,神奇校车·手工益智版（全8册）,贵州人民出版社,¥96.20,68.
李筱懿,3729条评论,情商是什么（杨澜、吴晓波联袂推荐。所谓情商高，绝不仅仅是会说,浙江文艺出版社,¥34.60,69.
凯利,34851条评论,自控力（2017年纪念新版）,文化发展出版社,¥34.60,70.
亚历克斯·弗里思,43302条评论,英国脑力阶梯训练（全三册）,天天出版社有限责任公司,¥43.30,71.
艾伦,124058条评论,小威向前冲,贵州人民出版社,¥20.60,72.
老杨的猫头鹰,1147条评论,好看的皮囊千篇一律，有趣的灵魂万里挑一（老杨的猫头鹰最新作品,现代出版社,¥29.40,73.
三毛,33062条评论,三毛全集02：撒哈拉的故事（1-9年级必读书单）,北京十月文艺出版社,¥34.70,74.
郭翔,26994条评论,漫画万物由来（中国童书榜zui佳童书奖，桂冠童书奖，当当原创科普,辽宁少年儿童出版社,¥67.60,75.
梭罗,247092条评论,瓦尔登湖(珍藏本) 朗读者朗读书目,中国三峡出版社,¥21.00,76.
培生集团,2464条评论,培生幼儿英语：预备级（升级版）,湖北少儿出版社,¥81.40,77.
卡伦·霍妮,47797条评论,我们内心的冲突（武志红、苏芩、张德芬曾深受此书影响）,长江文艺出版社,¥34.40,78.
乔安娜柯尔,188390条评论,神奇校车·阅读版（全16册）,贵州人民出版社,¥102.60,79.
沈从文,184575条评论,边城（沈从文诞辰115周年纪念典藏版）精选沈从文代表性的小说25篇,武汉出版社,¥25.80,80.
刘墉,100025条评论,刘墉给孩子的成长书,接力出版社,¥132.00,161.
乔安娜柯尔,98713条评论,神奇校车人文版（共3册）,贵州人民出版社,¥36.10,162.
岩村和朗,68259条评论,14只老鼠全集（全12册）,接力出版社,¥138.00,163.
齐藤幸一,9073条评论,噼里啪啦立体玩具书（0-3岁适用）,２１世纪出版社,¥120.20,164.
川端康成,172136条评论,雪国,南海出版公司,¥30.40,165.
大卫·香农David,114029条评论,大卫，不可以,河北教育出版社,¥29.30,166.
小P老师,9245条评论,媲美明星3  心机美颜术 （当当网全国独家发售！亚洲超人气明星造,江苏人民出版社,¥39.80,167.
沈复,125990条评论,浮生六记（珍藏本）,中国三峡出版社,¥13.00,168.
艾德兰,23488条评论,我们的身体,未来出版社,¥123.50,169.
玛丁妮阿加西,70324条评论,手不是用来打人的 (全4册),新世界出版社,¥45.20,170.
斯科特·派克,12664条评论,少有人走的路：心智成熟的旅程 （白金升级版）,中华工商联合出版社,¥39.80,171.
科恩,17452条评论,游戏力(美国国家亲子出版奖金奖)笑声，激活孩子天性中的合作与勇,中国人口出版社,¥38.00,172.
罗尔德·达尔,52005条评论,罗尔德·达尔作品典藏（13本套装）,明天出版社,¥158.00,173.
百鹤文化,35750条评论,写给儿童的成语故事（全10册）,贵州教育出版社,¥288.50,174.
张皓宸,75162条评论,后来时间都与你有关（韩寒 何炅 谢娜 吴昕 戚薇 阚清子等明星推荐,天津人民出版社,¥33.20,175.
真果果,159444条评论,宝宝学说话系列 第1辑  语言启蒙（全5册）,中国人口出版社,¥31.70,176.
乔斯坦·贾德,956条评论,苏菲的世界（新版）,作家出版社,¥34.00,177.
习近平,5827条评论,习近平谈治国理政 第一卷 中文版平装（最新修订版）团购电话010-,外文出版社,¥64.00,178.
白岩松,267170条评论,白岩松：白说,长江文艺出版社,¥30.00,179.
张德芬,107226条评论,遇见未知的自己（全新修订版）,湖南文艺出版社,¥26.10,180.
王小波,31027条评论,沉默的大多数（又名《一只特立独行的猪》）,北京联合出版公司,¥32.00,241.
郑智泳,35299条评论,东方儿童性教育绘本（全3册）,北京理工大学出版社,¥44.50,242.
张文成,2267条评论,墨菲定律,古吴轩出版社,¥25.30,243.
徐客,100694条评论,山海经（白话全译彩图版珍藏版）,现代出版社,¥59.80,244.
缇森,111795条评论,巴巴爸爸（全10册）,接力出版社,¥100.00,245.
余光中,86515条评论,孤独是生命的礼物,长江文艺出版社,¥32.00,246.
尹建莉,33502条评论,好妈妈胜过好老师2：自由的孩子最自觉,文汇出版社,¥36.10,247.
蕾秋·乔伊斯,32347条评论,一个人的朝圣（新版）,北京联合出版有限公司,¥28.70,248.
刘震云,41550条评论,一句顶一万句（典藏版，《朗读者》第五期，刘震云与观众一起分享,长江文艺出版社,¥34.00,249.
安娜·鲁斯曼,38333条评论,德国精选科学图画书 （肚子里有个火车站+牙齿大街的新鲜事，套装,北京科学技术出版社,¥70.00,250.
王小波,39458条评论,黄金时代（王小波“时代三部曲”首部）,上海三联书店,¥25.20,251.
路遥,121925条评论,平凡的世界：全三册（八年级下册自主阅读推荐）,北京十月文艺出版社,¥106.90,41.
安德斯·艾利克森,42678条评论,刻意练习：如何从新手到大师,机械工业出版社,¥34.90,252.
大冰,279237条评论,阿弥陀佛么么哒（大冰作品，畅销250万册）,湖南文艺出版社,¥30.40,253.
刘易斯,58677条评论,纳尼亚传奇(全辑共7册),译林出版社,¥79.40,141.
入山,19453条评论,小鸡球球触感玩具书：全5册,长江少年儿童出版社,¥172.50,42.
曹文轩,144414条评论,曹文轩文集典藏版（全7册）,天天出版社有限责任公司,¥115.90,43.
戴尔·卡耐基,118279条评论,人性的弱点（薛之谦推荐）,天津人民出版社,¥27.00,44.
黄仁宇,38016条评论,中国大历史（黄仁宇大历史观代表作）,生活.读书.新知三联书店,¥24.90,254.
罗尔德·达尔,20412条评论,罗尔德·达尔作品典藏 查理和巧克力工厂,明天出版社,¥17.40,255.
成语大词典,66287条评论,成语大词典（彩色本）最新修订版 60000多名读者热评！,商务印书馆国际有限公司,¥64.90,256.
阿加莎.克里斯蒂,43850条评论,东方快车谋杀案：阿加莎·克里斯蒂侦探作品集04（英格丽·褒曼凭,新星出版社,¥24.80,257.
约翰范登,5267条评论,不可不知的科学,长江少年儿童出版社,¥33.10,258.
孙家裕,1774条评论,大中华寻宝系列21 青海寻宝记 我的第一本科学漫画书,二十一世纪出版社,¥22.50,259.
乔治·M·卡帕卡,125851条评论,这样跟孩子定规矩，孩子最不会抵触,北京联合出版公司,¥17.30,142.
明德尔西托默,38214条评论,汉声数学图画书（全41册+妈妈手册）,贵州人民出版社,"¥1,080.00",143.
戴尔·卡耐基,635条评论,人性的弱点大全集（人性的弱点+人性的优点）（薛之谦推荐。20世纪,天津人民出版社,¥38.80,144.
阿加莎.克里斯蒂,70725条评论,无人生还：阿加莎 克里斯蒂作品集10（销售记录超过一亿册的侦探小,新星出版社,¥26.60,145.
慈怀读书会,30584条评论,把生活过成你想要的样子,北京联合出版公司,¥31.50,146.
史蒂芬·柯维,107184条评论,高效能人士的七个习惯-25周年纪念版(团购，请致电010-57993149),中国青年出版社,¥60.70,147.
毛姆,40555条评论,月亮与六便士（2017全新未删节插图珍藏版，荣获波比小说奖诗人译,浙江文艺出版社,¥28.70,45.
慕颜歌,122930条评论,你的善良必须有点锋芒,古吴轩出版社,¥24.60,46.
陈卫平,87735条评论,写给儿童的中国地理（全14册）,新世界出版社,¥314.20,47.
马克斯·维尔修思,90421条评论,青蛙弗洛格的成长故事（全三辑，共26册）,湖南少年儿童出版社,¥112.20,48.
海明威,17778条评论,诺奖少年版（全套30册。当当2017新锐童书奖！含新课标书目，适合,辽宁少年儿童出版社,¥364.30,49.
玛兹丽施,103620条评论,如何说孩子才会听 怎么听孩子才肯说（全新修订版）,中央编译出版社,¥31.00,50.
横沟百,41088条评论,窝在角落好安心（日本最萌疗愈绘本）,接力出版社,¥28.60,260.
莉莉·海沃德,1530条评论,尤尔小屋的猫,百花洲文艺出版社,¥33.60,148.
Highlights杂志社,163705条评论,美国经典专注力培养大书 （全8册）,湖南少年儿童出版社,¥110.40,51.
蔡崇达,340069条评论,皮囊（畅销200万册的国民读本，韩寒监制，刘德华、李敬泽作序。繁,天津人民出版社,¥33.20,52.
山下英子,175172条评论,断舍离,广西科学技术出版社,¥27.00,53.
克兰兹,77851条评论,独一无二的你+勇敢做自己,北京科学技术出版社,¥52.30,54.
克利斯提昂,356341条评论,不一样的卡梅拉手绘本（1-12册）,２１世纪出版社,¥90.00,55.
克莱儿·麦克福尔,29521条评论,摆渡人2：重返荒原（每一个镌刻着爱与善意的灵魂，都会成为我们生,百花洲文艺出版社,¥34.00,56.
曹天元,86204条评论,上帝掷骰子吗？量子物理史话（科学性和故事性的完美结合，具有超,北京联合出版公司,¥26.90,149.
玛莉,238151条评论,小兔汤姆系列（第一辑）（全六册 ）,海燕出版社,¥37.50,150.
英国快乐瓢虫出版公司,169286条评论,小猪佩奇（全10册）,安徽少年儿童出版社,¥91.40,151.
东野圭吾,425770条评论,东野圭吾：嫌疑人X的献身,南海出版公司,¥33.30,57.
克里斯多福·孟,44320条评论,亲密关系：通往灵魂的桥梁（2015全新修订版）,湖南文艺出版社,¥24.20,58.
王国维,160287条评论,人间词话（近代极富盛名的词话著作，集编、校、释、评于一体，赏,北京联合出版公司,¥20.60,59.
尤瓦尔·赫拉利,88238条评论,人类简史：从动物到上帝（新版）,中信出版社,¥64.60,60.
米拦弗特毕,137372条评论,暖暖心绘本（全四辑19本）,湖南少儿出版社,¥129.70,152.
米兰弗特毕,1373条评论,暖暖心绘本·珍藏礼品装（全30册，为3~7岁处在性格形成关键期的孩,湖南少年儿童出版社,¥220.80,153.
霍达,88414条评论,穆斯林的葬礼（2015版）,北京十月文艺出版社,¥47.30,154.
保罗·柯艾略,39478条评论,牧羊少年奇幻之旅,北京十月文艺出版社,¥33.30,155.
路遥,151975条评论,人生（影响千万青年的励志名篇-- 马云、贾樟柯倾情推荐！）,北京十月文艺出版社,¥22.40,156.
余华,29891条评论,活着（精装版，余华代表作，25周年特别修订）,北京十月文艺出版社,¥31.30,157.
艾迪特·史莱博·维克,91874条评论,学会爱自己（第3辑）（不为坏人保守秘密，不随便顺从别人！学会保,青岛出版社,¥79.30,158.
张爱玲,166003条评论,张爱玲全集01：倾城之恋（2012年全新修订版）,北京十月文艺出版社,¥26.60,159.
吉田纯子,139461条评论,0-4岁幼儿认知小百科（全3册),长江少年儿童出版社,¥82.40,160.
林语堂,17211条评论,苏东坡传（林语堂精装2018版）（1-9年级必读书单）,湖南文艺出版社,¥41.60,181.
莫提默·J.艾德勒,41827条评论,如何阅读一本书,商务印书馆,¥43.30,182.
史蒂芬·柯维,20779条评论,高效能人士的七个习惯（精华版）(团购，请致电010-57993149),中国青年出版社,¥34.90,183.
玛莉,88781条评论,小兔汤姆旅行版（全26册）,海燕出版社,¥105.00,184.
徐静,31441条评论,此刻花开（一本精美绝伦的手工纸雕书）,百花洲文艺出版社,¥58.00,185.
张嘉佳,906904条评论,从你的全世界路过,湖南文艺出版社,¥28.80,186.
乔斯夫托普森,21607条评论,我的大画本（全3册）,陕西人民教育出版社,¥68.80,187.
郑渊洁,41179条评论,郑渊洁十年未出版的经典童话,天津人民出版社,¥49.30,188.
默娜·R.舒尔,47996条评论,如何培养孩子的社会能力（全美畅销书 获4项美国大奖的经典之作）,京华出版社,¥15.80,189.
王小波,5556条评论,爱你就像爱生命（精装彩插典藏版）,湖南文艺出版社,¥27.40,190.
蔡康永,202208条评论,蔡康永的说话之道套装（全二册）,湖南文艺出版社,¥52.00,191.
何权峰,8166条评论,格局,江苏文艺出版社,¥30.40,192.
大冰,284011条评论,乖，摸摸头（大冰暖心故事）,湖南文艺出版社,¥28.80,193.
小马宋,173条评论,朋友圈的尖子生,重庆出版社,¥49.00,194.
周志华,22710条评论,机器学习,清华大学出版社,¥70.40,195.
杨其铎,66055条评论,四五快读 全彩图升级版——幼儿快速识字阅读法（全8册）(让孩子爱,湖南科技出版社,¥188.60,196.
马德琳·英格,19680条评论,梅格时空大冒险（套装全5册）（含《时间的折皱》[又名《时间的皱,文汇出版社,¥195.10,197.
法国纳唐出版社,3348条评论,法国巨眼丛书：让孩子看懂世界的第一套科普经典（全56册）,中信出版社,¥474.70,198.
肯·福莱特,143046条评论,巨人的陨落（套装全3册）（全球读者平均3个通宵读完！）,江苏文艺出版社,¥64.90,199.
理查德.格里格,128135条评论,心理学与生活（第16版，中文版）,人民邮电出版社,¥78.32,200.
中国诗词大会栏目组,3795条评论,中国诗词大会 第二季上下册（全两册）,北京联合出版有限公司,¥58.80,101.
尼尔.布朗,93471条评论,学会提问（原书第10版）（批判性思维领域的“圣经”，看见柴静诸,机械工业出版社,¥32.90,102.
宫西达也,35596条评论,你看起来好像很好吃（恐龙简装套装全7册）,２１世纪出版社,¥109.10,103.
大卫·香农David,56147条评论,大卫不可以+大卫上学去+大卫惹麻烦（大卫系列全3册）,河北教育出版社,¥87.70,104.
沈复,16520条评论,浮生六记（汪涵贾平凹推荐！全本全译全注，精装插图珍藏。无需古,浙江文艺出版社,¥32.40,105.
吴晓波,40912条评论,大败局1、2（修订版）套装【当当网独家特供】（财经作家吴晓波经,浙江大学出版社,¥70.60,106.
习近平,812条评论,习近平谈治国理政 第二卷 中文版平装本 （100册以上团购请联系团,外文出版社,¥64.00,107.
林徽因,175936条评论,你是人间四月天（民国女神林徽因诗歌、散文、小说代表作完整收录,北京联合出版公司,¥19.30,108.
达芙妮·斯金纳,101615条评论,数学帮帮忙（全25册）多功能数学绘本,新蕾出版社,¥171.30,109.
歪歪兔关键期早教项目组,101482条评论,歪歪兔行为习惯系列互动图画书（全10册，赠完整版动画片DVD）,海豚出版社,¥75.80,110.
东野圭吾,3147条评论,秘密 （东野圭吾创作生涯里程碑）,南海出版公司,¥42.80,111.
怀特,295653条评论,夏洛的网（新）,上海译文出版社,¥25.10,112.
Goodfellow,3589条评论,深度学习   人工智能算法，机器学习奠基之作，AI圣经,人民邮电出版社,¥149.50,113.
罗伯特·清崎,21922条评论,富爸爸穷爸爸（20周年修订版）（团购，请致电010-57993149）,四川人民出版社,¥42.20,114.
星文文化,2803条评论,愿所有相遇，都恰逢其时,浙江文艺出版社,¥33.60,115.
HIT公司,268条评论,托马斯和朋友宝宝睡前故事（30册）,人民邮电出版社,¥67.60,116.
安野光雅,106645条评论,走进奇妙的数学世界（全3册）,新星出版社,¥107.20,117.
郑渊洁,90788条评论,郑渊洁给孙女的好习惯书：十二生肖童话绘本,天津人民出版社,¥106.60,118.
村上春树,53398条评论,挪威的森林(村上春树影响几代读者的畅销青春名作，特有的感伤和孤,上海译文出版社,¥31.40,119.
芭芭拉库尼,85581条评论,花婆婆,河北教育出版社,¥21.20,120.
陈忠实,6132条评论,白鹿原,作家出版社,¥34.00,221.
华生,19482条评论,行为心理学,现代出版社,¥29.10,222.
斯塔夫里阿诺斯,167166条评论,全球通史:从史前史到21世纪（第7版修订版上下册，当当独家赠送全,北京大学出版社,¥91.20,223.
渡边淳一,7992条评论,钝感力（渡边淳一经典：具备不为小事动摇的钝感力，才能成为真正,青岛出版社,¥29.00,224.
孙家裕,1281条评论,大中华寻宝系列23  广西寻宝记 ,二十一世纪出版社,¥22.50,225.
东野圭吾,1380条评论,东野圭吾新作：白金数据（凶手，竟然是我自己？！）,北京联合出版有限公司,¥33.40,226.
东野圭吾,102451条评论,幻夜（《白夜行》姊妹篇，东野圭吾“绝望之书”第二弹）,南海出版公司,¥37.50,227.
贾雷德.戴蒙德,21952条评论,枪炮、病菌与钢铁——人类社会的命运(修订版）,上海译文出版社,¥48.30,228.
孙家裕,6107条评论,我的第一本大中华寻宝漫画书22 澳门寻宝记,二十一世纪出版社,¥22.50,229.
稻盛和夫,36518条评论,干法（团购，请致电010-57993149）,机械工业出版社,¥34.80,230.
彼得,18027条评论,穷查理宝典：查理·芒格智慧箴言录（增订本）,中信出版社,¥159.60,231.
格里贝利,50386条评论,走进奇妙的几何世界（全6册）,浙江教育出版社,¥80.40,232.
余秋雨,245576条评论,文化苦旅（1-9年级必读书单）,长江文艺出版社,¥34.00,233.
沈石溪,44508条评论,动物小说大王沈石溪·感悟生命书系（套装共5册）,人民邮电出版社,¥89.80,234.
金波,62777条评论,乌丢丢的奇遇 曹文轩推荐儿童文学经典书系 21000多名读者热评！,北京教育出版社,¥14.30,235.
苏真,346条评论,有故事的汉字 全3辑（当当独家订制版，全9册）,青岛出版社,¥161.50,236.
王秀梅,58712条评论,诗经（上下册精装）（中华经典名著全本全注全译）,中华书局,¥58.90,237.
珊蒂,96210条评论,学会爱自己（第1辑）,青岛出版社,¥36.40,238.
说词解字辞书研究中心,16645条评论,小学生必背古诗词75+80首,华语教学出版社,¥25.20,239.
冯骥才,41948条评论,俗世奇人（全二册）,作家出版社,¥35.70,240.
当年明月,12291条评论,明朝那些事儿全集 增补版（新版全套9册）,北京联合出版有限公司,¥248.40,301.
郑渊洁,1888条评论,郑渊洁性教育启蒙绘本：你从哪里来,天津人民出版社,¥13.70,302.
曾锴,12325条评论,愿你历尽千帆，归来仍是少年,光明日报出版社,¥27.60,303.
皮姆,1085条评论,我不敢说，我怕被骂,北京联合出版公司,¥30.20,304.
林海音,15108条评论,林海音奶奶讲寓言（全4册）,贵州人民出版社,¥64.20,305.
林海音,5993条评论,城南旧事：一部触动千万读者灵魂的童年离骚,江苏人民出版社,¥20.80,306.
亚米契斯,49642条评论,爱的教育（新课标，夏丏尊先生流芳90年经典译本，享誉世界的儿童,安徽教育出版社,¥17.00,307.
亚历山德拉米热林斯卡,74040条评论,《地下水下》手绘百科绘本,贵州人民出版社,¥78.60,308.
朱慧兰,64932条评论,阶梯数学·4岁 （共5册）,北京科学技术出版社,¥54.70,309.
歪歪兔关键期早教项目组,189570条评论,做内心强大的自己——歪歪兔逆商教育系列图画书（挫折教育绘本全,海豚出版社,¥64.20,310.
西蒙·蒙蒂菲奥里,91756条评论,耶路撒冷三千年（第十届文津奖获奖图书）深圳读书月2015年度十大,民主与建设出版社,¥65.20,311.
故园风雨前,61条评论,幸得诸君慰平生,清华大学出版社,¥38.80,312.
詹姆斯·法隆,27550条评论,天生变态狂：TED心理学家的脑犯罪之旅,群言出版社,¥23.80,313.
吉多·范·西纳顿,21509条评论,折耳兔瑞奇成长绘本系列（全12册）,中国少年儿童出版社,¥105.20,314.
补梦馆长,937条评论,补梦奇异馆：平行世界的另一个你,百花洲文艺出版社,¥29.40,315.
卡耐基,35249条评论,人性的弱点,北京联合出版公司,¥26.50,316.
海明威,20438条评论,老人与海（2017未删节全新珍藏版，央视朗读者朗读书目）【作家榜,浙江文艺出版社,¥28.70,317.
村上春树,54120条评论,当我谈跑步时，我谈些什么（2015典藏版）,南海出版公司,¥32.20,318.
加古里子,39295条评论,乌鸦面包店（全5册）,新星出版社,¥68.90,319.
毛姆,109910条评论,月亮和六便士(译文经典.精）,上海译文出版社,¥28.60,320.
曾国藩,80552条评论,曾国藩家书—中华经典藏书(精装珍藏本),中国画报出版社,¥22.40,281.
亚历山德拉·米热林斯卡,40236条评论,《太空》手绘百科绘本,贵州人民出版社,¥54.50,282.
西格蒙德·弗洛伊德,180820条评论,梦的解析（软精装珍藏本）,国际文化出版公司,¥30.80,283.
朵琳·克罗宁,14540条评论,蚯蚓的日记 信谊世界精选图画书,明天出版社,¥32.60,284.
克雷文,69864条评论,学会爱自己（全7册）儿童自我保护意识培养绘本，含不要随便摸我、,青岛出版社,¥76.00,285.
邱昭瑜,72835条评论,有故事的汉字 第1辑（当当独家订制版，全3册）,青岛出版社,¥50.50,286.
安妮塔·布鲁克纳,5243条评论,天意 （布克奖得主代表作，备受读者追捧“近年最好看的情感小说”,作家出版社,¥40.00,287.
罗娜·雷纳,19228条评论,不吼不叫：如何平静地让孩子与父母合作,上海社会科学院出版社,¥27.80,288.
菲欧娜,25036条评论,365个艺术创意（全3册）,光明日报出版社,¥189.60,289.
弗兰克尔,33356条评论,活出生命的意义（独家精装珍藏版）,华夏出版社,¥37.40,290.
杨红樱,35122条评论,淘气包马小跳漫画升级版（第一辑套装全十册）,安徽少年儿童出版社,¥131.40,291.
鱼爸,4191条评论,和孩子一起成长，是最好的教养(“养育男孩”公号作者鱼爸亲身育儿,天津人民出版社,¥30.60,292.
孙家裕,2736条评论,大中华寻宝系列13 云南寻宝记 我的第一本科学漫画书,二十一世纪出版社,¥22.50,293.
晚情,194768条评论,做一个刚刚好的女子：不攀附，不将就,青岛出版社,¥29.60,294.
孙家裕,2807条评论,大中华寻宝系列17 广东寻宝记 我的第一本科学漫画书,二十一世纪出版社,¥22.50,295.
李泽厚,75729条评论,美的历程（李泽厚代表名作）,生活.读书.新知三联书店,¥49.80,296.
孙家裕,3316条评论,大中华寻宝系列10 陕西寻宝记 我的第一本科学漫画书,二十一世纪出版社,¥22.50,297.
让娜·阿什比,33条评论,0-3岁行为习惯教养绘本（全6册）,长江少年儿童出版社,¥69.60,298.
孙家裕,4744条评论,大中华寻宝系列2 北京寻宝记 我的第一本科学漫画书,二十一世纪出版社,¥22.50,299.
海莲·汉芙,149898条评论,查令十字街84号(精装珍藏版）,译林出版社,¥32.00,300.
吴楚材,51969条评论,古文观止（上下）,浙江教育出版社,¥49.40,321.
曹文轩,78113条评论,草房子,天天出版社有限责任公司,¥20.10,322.
阿内,374条评论,思考世界的孩子（全2册）：问个不停卷+想个不停卷,浙江少年儿童出版社,¥74.00,323.
柯倩华,54217条评论,大脚丫跳芭蕾,河北教育出版社,¥25.80,324.
迪克·布鲁纳,17611条评论,米菲绘本第一辑10册（第一辑5册+第二辑5册）（全新修订版）,人民邮电出版社,¥109.00,325.
科尼莉亚·莫德·斯佩尔曼,21775条评论,我的感觉（中英双语）（1-8册）（全彩）,电子工业出版社,¥78.70,326.
科林斯坦利,33252条评论,销售就是要玩转情商：99%的人都不知道的销售软技巧,武汉出版社,¥28.30,327.
夏目漱石,38712条评论,我是猫,浙江文艺出版社,¥34.80,328.
林清玄,3937条评论,愿你，归来仍是少年（林清玄启悟人生系列）,长江文艺出版社,¥27.80,329.
五味太郎,60314条评论,鳄鱼怕怕 牙医怕怕,明天出版社,¥26.40,330.
马克思,198586条评论,青蛙弗洛格的成长故事（第一辑 全12册）,湖南少年儿童出版社有限责任公司,¥44.30,331.
科里·帕特森,6139条评论,关键对话：如何高效能沟通（原书第2版）（珍藏版）,机械工业出版社,¥40.30,332.
博多·舍费尔,13014条评论,小狗钱钱套装（全两册）,四川少儿出版社,¥49.30,333.
小象汉字,1690条评论,汉字是画出来的（孩子启蒙的首本汉字书。央视2017开学 第一课董卿,浙江文艺出版社,¥55.80,334.
易中天,3759条评论,易中天中华经典故事（全6册）（传统文化教育+创意动漫，快乐学习,上海文艺出版社,¥134.40,335.
肯尼斯格雷厄姆,80949条评论,柳林风声,贵州人民出版社,¥67.20,336.
David,45986条评论,DK万物运转的秘密（斩获文津奖、安万特图书奖，从生活细微处着手,电子工业出版社,¥105.00,337.
美国尼克儿童频道,31101条评论,汪汪队立大功儿童安全救援故事书 全10册（中国儿童必备安全救援故,天地出版社,¥97.40,338.
萨宾娜,12654条评论,宝宝的第一本睡前认知书  晚安，宝贝,北京联合出版公司,¥25.30,339.
亨利戴维梭罗,71372条评论,瓦尔登湖（瓦尔登湖畔，不只是身体的栖息之所，更是精神的沉思之,作家出版社,¥17.30,340.
孙家裕,3023条评论,大中华寻宝系列11 江西寻宝记 我的第一本科学漫画书,二十一世纪出版社,¥22.50,341.
克利斯提昂约里波瓦,27198条评论,不一样的卡梅拉手绘本（1-13烫金版）去看海/有颗星星/弟弟/找回太,二十一世纪出版社,¥101.20,342.
孙家裕,2999条评论,大中华寻宝系列20 贵州寻宝记 我的第一本科学漫画书,二十一世纪出版社,¥22.50,343.
矢玉四郎,47344条评论,晴天有时下猪系列（全9册),二十一世纪出版社,¥120.20,344.
贝芙莉·克莱瑞,29998条评论,国际大奖小说——亲爱的汉修先生,新蕾出版社,¥15.60,345.
阿西莫夫,21924条评论,银河帝国：基地（被马斯克用火箭送上太空的科幻神作，讲述人类未,江苏文艺出版社,¥17.50,346.
辰格,54324条评论,戒了吧，拖延症——写给年轻人的拖延心理学（人生有限，拖延有害,天津人民出版社,¥24.60,347.
斯科特·派克,4574条评论,少有人走的路(全4册) 全新整理版,中华工商联合出版社,¥142.20,348.
歪歪兔关键期早教项目组,58155条评论,"歪歪兔儿童性关怀系列图画书（全8册,儿童性教育主题绘本）",海豚出版社,¥60.10,349.
司马迁,90074条评论,史记（精装全三册）,岳麓书社,¥92.60,350.
泰勒,13315条评论,斯坦福极简经济学（当当全国独家精装升级版）,湖南人民出版社,¥38.40,351.
姜戎,182714条评论,狼图腾(修订版)（一部描绘、研究蒙古草原狼的“旷世奇书”）（1-,长江文艺出版社,¥30.00,352.
冯友兰,90874条评论,中国哲学简史,北京大学出版社,¥36.10,353.
钱穆,7298条评论,中国历代政治得失（新修订版）,生活.读书.新知三联书店,¥28.50,354.
吕思勉,30781条评论,中国通史（易中天推崇的史学大师吕思勉的国史入门书，华人世界公,民主与建设出版社,¥37.80,355.
伯纳德·韦伯,638条评论,勇气 绘本,北京联合出版有限公司,¥30.40,356.
戈尔德萨克,373904条评论,和朋友们一起想办法(全八册）,湖北美术出版社,¥49.70,357.
艾米·托金顿,1542条评论,是谁杀了我（跟《摆渡人》一起入选“欧美青少年必读图书”全美书,百花洲文艺出版社,¥33.60,358.
孙家裕,2967条评论,大中华寻宝系列3 天津寻宝记 我的第一本科学漫画书,二十一世纪出版社,¥22.50,359.
郑迪蔚,71877条评论,不一样的卡梅拉动漫绘本（1-12）,２１世纪出版社,¥93.30,360.
台湾牛顿出版股份有限公司,7415条评论,小牛顿科学馆：全新升级版 （科学蓝，30册礼品装）,接力出版社,¥500.00,201.
尹建莉,19700条评论,好妈妈胜过好老师（700万册纪念版）,作家出版社,¥43.80,202.
安房直子,53959条评论,安房直子幻想小说系列（共6册）,少年儿童出版社,¥81.80,203.
村上春树,89801条评论,挪威的森林（精装，村上春树影响几代读者的畅销青春名作，特有的,上海译文出版社,¥45.60,204.
慕容素衣,17065条评论,一辈子很长，要和有趣的人在一起,江苏文艺出版社,¥35.20,205.
卡尔森,10757条评论,我喜欢自己,河北教育出版社,¥24.10,206.
欧内斯特米勒尔海明威,61955条评论,老人与海（当当网此版本销量遥遥领先！人可以被毁灭，却不可以被,作家出版社,¥19.30,207.
陈果,15092条评论,复旦名师陈果：好的孤独,江苏凤凰文艺出版社,¥27.00,208.
萨沙,10642条评论,民国往事,北京联合出版公司,¥6.90,209.
赫德,137107条评论,逃家小兔,明天出版社,¥23.80,210.
大冰,232415条评论,好吗好的（大冰作品，畅销200万册）,湖南文艺出版社,¥31.20,211.
美国培生教育出版集团,6873条评论,培生英语·阅读街：幼儿版K1(幼儿园小班适用)——美国幼儿园语言,中国宇航出版社,¥88.30,212.
马里奥·普佐,68411条评论,《教父》三部曲典藏版套装（电影《教父》原著小说，男人的圣经，,江苏文艺出版社,¥70.50,213.
杨红樱,77276条评论,笑猫日记（套装共二十册）,明天出版社,¥237.00,214.
东野圭吾,51982条评论,圣女的救济（东野圭吾经典长篇小说）,南海出版公司,¥40.20,215.
保罗布莱特,105469条评论,暖房子爱的故事口袋绘本（套装共30册）,北京联合出版公司,¥88.30,216.
芥川龙之介,569条评论,罗生门（芥川龙之介小说集）《人间失格》作者太宰治是芥川的头号,时代文艺出版社,¥21.40,217.
武志红,71377条评论,武志红经典作品：为何家会伤人,北京联合出版公司,¥31.60,218.
张爱玲,82467条评论,张爱玲全集02：红玫瑰与白玫瑰（2012年全新修订版）,北京十月文艺出版社,¥25.00,219.
申惠恩,27564条评论,你好！数学套装珍藏版（套装30本）,湖北少儿出版社,¥192.40,220.
史蒂夫,37292条评论,养育男孩（典藏版）,中信出版社,¥29.80,261.
权惠娟,32415条评论,小不点的触摸书（全4册）,未来出版社,¥102.00,262.
曹文轩,26142条评论,曹文轩纯美小说*草房子(2016版),江苏凤凰少年儿童出版社,¥17.40,263.
英国DK公司,31394条评论,DK儿童百科全书系列超值礼品套装（精装全5册）,中国大百科全书出版社,¥555.30,264.
戴维·迈尔斯,29127条评论,社会心理学（第11版）,人民邮电出版社,¥113.92,265.
林语堂,24623条评论,生活的艺术,湖南文艺出版社,¥22.40,266.
诺拉·盖多斯,49866条评论,我的第一套自然拼读故事书（全81册 中英双语）,连环画出版社,¥198.80,267.
歪歪兔关键期早教项目组,15526条评论,学会管自己幼儿版-歪歪兔自控力教育系列绘本,海豚出版社,¥60.70,268.
村上春树,13284条评论,且听风吟(新版)(村上春树文集）,上海译文出版社,¥18.10,269.
王小波,17352条评论,沉默的大多数：王小波作品（插图珍藏本）,湖南文艺出版社,¥26.10,270.
王小波,4538条评论,沉默的大多数（手稿珍藏版）,北京十月文艺出版社,¥31.30,271.
约翰C.马克斯维尔,56073条评论,"领导力21法则:追随这些法则,人们就会追随你(团购电话010-5799314",文汇出版社,¥33.80,272.
白茶,3517条评论,就喜欢你看不惯我又干不掉我的样子3,中国友谊出版公司,¥43.70,273.
赵艺贞,13149条评论,从小爱数学（全20册）,湖南少年儿童出版社,¥110.40,274.
孙家裕,4357条评论,大中华寻宝系列1 上海寻宝记 我的第一本科学漫画书,二十一世纪出版社,¥22.50,275.
岩井俊二,51408条评论,岩井俊二经典集：情书,南海出版公司,¥22.40,276.
罗伯特·伯利,389条评论,解救座头鲸（2016美国银行街zui佳童书奖）,中译出版社,¥46.80,277.
潘英丽,47360条评论, 幼儿版十万个为什么（全彩注音版，套装共8册）,天津人民出版社,¥77.80,278.
余华,1879条评论,兄弟（新版）,作家出版社,¥43.80,279.
东野圭吾,23068条评论,新参者（2016版）,南海出版公司,¥35.30,280.
张德芬,1217条评论,张德芬：我们终将遇见爱与孤独,北京联合出版有限公司,¥39.50,361.
简·尼尔森,43908条评论,《3～6岁孩子的正面管教》,北京联合出版公司,¥30.00,362.
刘震云,863条评论,吃瓜时代的儿女们（刘震云睽违五年又一力作，老辣之笔剖析吃瓜本,长江文艺出版社,¥36.20,363.
斯密,39523条评论,国富论(上下),译林出版社,¥38.10,364.
布莱恩·弗洛卡,20014条评论,火车头+火车迷（凯迪克金奖、奥斯汀年轻工程师奖作品，套装共2册,福建少年儿童出版社,¥56.40,365.
赵国庆,36880条评论,小学思维训练：思维导图,北京师范大学出版社,¥23.40,366.
孙家裕,2710条评论,大中华寻宝系列15 安徽寻宝记 我的第一本科学漫画书,二十一世纪出版社,¥22.50,367.
大卫·香农,28991条评论,鸭子骑车记,新星出版社,¥34.50,368.
安东尼·迪本德,7570条评论,亲子打闹游戏的艺术,中国人口出版社,¥33.00,369.
林清玄,49001条评论,人生最美是清欢（林清玄经典散文集，执笔45周年白金纪念版！）,北京十月文艺出版社,¥47.00,370.
郑迪蔚,68042条评论,不一样的卡梅拉动漫绘本(13-22),二十一世纪出版社,¥77.80,371.
翁怡诺,60条评论,新零售的未来,北京联合出版有限公司,¥71.30,372.
入山智,78条评论,小鸡球球洞洞认知书：全4册 （新版）,长江少年儿童出版社,¥69.00,373.
戈登,25621条评论,P.E.T.父母效能训练:让亲子沟通如此高效而简单（PET）,中国发展出版社,¥28.90,374.
索甲仁波切,157123条评论,西藏生死书,浙江大学出版社,¥37.50,375.
王国维,1581条评论,人间词话（汪涵推荐版本！2017全新未删节精装插图珍藏！无需古文,浙江文艺出版社,¥38.60,376.
吴涵碧,63448条评论,吴姐姐讲历史故事(精美盒装，青少版，全15册）,新世界出版社,¥319.00,377.
米拉·洛贝,10570条评论,国际大奖小说·升级版--苹果树上的外婆,新蕾出版社,¥15.60,378.
皮耶尔·勒迈特,263条评论,必须找到阿历克斯（横扫25国的重磅推理小说！荣获国际匕首奖）,文汇出版社,¥44.30,379.
YOYO出版社,102条评论,原声触摸发声书：听，什么声音（套装全6册）,中国环境出版社,¥264.50,380.
杰夫·金尼∕,20029条评论,小屁孩日记（1-20）套装,新世纪出版社,¥274.20,381.
文圣教育,3345条评论,小猪佩奇 “我有好习惯” 行为引导系列 绘本礼盒（全10册 洗澡也,浙江少年儿童出版社,¥96.20,382.
童笑梅,17746条评论,宝宝辅食添加每周计划,化学工业出版社,¥43.60,383.
严歌苓,2730条评论,角儿（严歌苓最新作品：书中收录《小顾艳传》《角儿》《青柠檬色,长江文艺出版社,¥30.00,384.
莫莉·卞,49130条评论,菲菲生气了,河北教育出版社,¥23.10,385.
艾萨克阿西莫夫,15870条评论,银河帝国：基地七部曲（被马斯克用火箭送上太空的科幻神作，讲述,江苏文艺出版社,¥164.00,386.
杨红樱,32892条评论,淘气包马小跳漫画升级版（第二辑套装全十册）,安徽少年儿童出版社,¥131.40,387.
朱慧兰,62865条评论,阶梯数学·5岁 （共5册）,北京科学技术出版社,¥54.70,388.
博多·舍费尔,17702条评论,财务自由之路：7年内赚到你的第一个1000万（团购电话:010-579931,现代出版社,¥34.00,389.
威廉西尔斯,82229条评论,西尔斯亲密育儿百科（最新修订版）,南海出版公司,¥56.80,390.
随园散人,21599条评论,半生烟雨，半世落花：李清照传,人民交通出版社,¥30.40,391.
东野圭吾,15554条评论,分身（2016版）（天王作家东野圭吾写尽人性的黑暗与美丽）,南海出版公司,¥35.30,392.
海姆.G.吉诺特,113607条评论,《孩子，把你的手给我》（最新版）畅销美国500多万册的教子经典，,京华出版社,¥17.20,393.
孙家裕,3572条评论,大中华寻宝系列19 香港寻宝记 我的第一本科学漫画书,二十一世纪出版社,¥22.50,394.
田秉锷,17518条评论,毛泽东诗词鉴赏(手迹出处权威，可以作为语言表达之外具象化的补充,上海三联书店,¥29.60,395.
罗兰·米勒,24434条评论,亲密关系（第5版）（一本两性与婚恋的百科全书《心理学与生活》作,人民邮电出版社,¥60.52,396.
刘瑜,3009条评论,愿你慢慢长大（与刘瑜、周国平、冯唐等名家一起开始一场温柔的教,北京联合出版有限公司,¥22.00,397.
郑秀庭,3989条评论,此刻花开2 （一本精美绝伦的手工纸雕书，赠当当独家相框。）,百花洲文艺出版社,¥46.90,398.
季巳明代,4257条评论,第一次自己睡觉,北京联合出版公司,¥21.20,399.
麦克,5502条评论,100层的巴士 麦克米伦世纪,二十一世纪出版社,¥27.60,400.
当年明月,31429条评论,明朝那些事儿全集 : 图文增补版全9册（新版）,北京联合出版公司,¥282.20,481.
凯特,26222条评论,让孩子痴迷的创意思维游戏（共2册）,光明日报出版社,¥112.50,482.
岛田洋七,71500条评论,佐贺的超级阿嬷,南海出版公司,¥26.90,483.
久世早苗,609条评论,我不再吃手了,北京科学技术出版社,¥36.30,484.
柏原晃夫,40671条评论,婴儿视觉启智绘本（全5册）,贵州人民出版社,¥110.60,485.
麦克格雷涅茨,17167条评论,月亮的味道（精装） ,二十一世纪出版社,¥27.50,486.
郑渊洁,11475条评论,皮皮鲁和419宗罪小侦探大百科  套装,天津人民,¥195.80,487.
三毛,6552条评论,三毛全集05：梦里花落知多少,北京十月文艺出版社,¥31.30,488.
林世仁,54641条评论,字的童话（全7册）,贵州人民出版社,¥78.60,489.
村井贞之,52128条评论,夏目友人帐,百花洲文艺出版社,¥27.80,490.
间濑直方,16497条评论,全景式图画书 开车出发系列（共7册）,二十一世纪出版社,¥109.00,491.
简.尔森,32958条评论,十几岁孩子的正面管教——教给十几岁的孩子人生技能（畅销书《正,北京联合出版公司,¥25.00,492.
孙家裕,2929条评论,大中华寻宝系列4 重庆寻宝记 我的第一本科学漫画书,二十一世纪出版社,¥22.50,493.
宫西达也,53089条评论,好饿的小蛇,２１世纪出版社,¥22.50,494.
安娜,1643条评论,德国精选科学图画书 （套装3册，扫二维码听故事）,北京科学技术出版社,¥97.70,495.
冯骥才,118465条评论,俗世奇人（修订版）,作家出版社,¥16.10,496.
特蕾西·霍格,27610条评论,实用程序育儿法(新版),北京联合出版公司,¥30.00,497.
伊莎贝尔·平,89838条评论,洞洞书（全2册）,安徽少年儿童出版社,¥63.20,498.
安徒生,25542条评论,安徒生童话全集（200周年超级典藏本）,浙江少年儿童出版社,¥134.70,499.
朗达·拜恩,26203条评论,秘密（十周年纪念版）,湖南文艺出版社,¥27.40,500.
孙家裕,2965条评论,大中华寻宝系列18 辽宁寻宝记 我的第一本科学漫画书,二十一世纪出版社,¥22.50,461.
斯蒂芬·茨威格,2861条评论,一个陌生女人的来信（茨威格中短篇小说选，2017修订升级+全新编校,时代文艺出版社,¥19.60,462.
李尚龙,70239条评论,你要么出众，要么出局（李尚龙2017全新作品）,湖南文艺出版社,¥27.40,463.
余光中,824条评论,长长的路 我们慢慢走,光明日报出版社,¥37.40,464.
博多·舍费尔,25696条评论,小狗钱钱,四川少儿出版社,¥24.60,465.
阿图葛文德,57937条评论,最好的告别：关于衰老与死亡，你必须知道的常识,浙江人民出版社,¥49.40,466.
阿加莎,13547条评论,无人生还（精装纪念版）,新星出版社,¥33.20,467.
蒋勋,32475条评论,孤独六讲,长江文艺出版社,¥42.90,468.
蒋勋,49960条评论,写给大家的西方美术史：蒋勋荣获金鼎奖经典之作,湖南美术出版社,¥46.90,469.
林素娥,63901条评论,蒲公英·英语拼读王（全12册+9CD＋6DVD光盘）,贵州人民出版社,¥166.70,470.
希斯洛普,293409条评论,岛（令整个欧洲潸然泪下的生死悲欢）,南海出版公司,¥25.00,471.
木头人儿童创想中心,58845条评论,培养孩子强大内心—亲子情商教育系列（全6册）,中国人口出版社,¥51.30,472.
沃尔夫冈梅茨格,2671条评论,宝宝最爱的汽车推拉书,接力出版社,¥137.10,473.
李娟,19649条评论,阿勒泰的角落（李娟成名作四色典藏版，随书附赠四季手绘书签）,新星出版社,¥32.20,474.
鲁思·本尼迪克特,1324条评论,菊与刀（畅销全球70年，销量过3000万，亲切易懂的日本国民性格说,浙江文艺出版社,¥24.20,475.
毛姆,34124条评论,月亮和六便士（高晓松、央视新闻推荐版本，月亮与六便士精装导读,天津人民出版社,¥40.10,476.
冯骥才,39465条评论,"一百个人的十年-""文革""已经过去，它对众多人的生活产生了深刻的影",文化艺术出版社,¥33.20,477.
乔治·布雷西亚,16719条评论,改变你的服装，改变你的生活,北京联合出版公司,¥30.90,478.
朱碧莲,23264条评论,世说新语(精)上下册--中华经典名著全本全注全译丛书(第三辑),中华书局,¥62.70,479.
简·尼尔森,70065条评论,《正面管教 A-Z》：日常养育难题的1001个解决方案（畅销书《正面,北京联合出版公司,¥32.20,480.
斯凯瑞,52051条评论,忙忙碌碌镇,贵州人民出版社,¥15.90,401.
卜劳恩,6191条评论,父与子全集(郑渊洁唯一推荐版本，亲子同读必备经典)【作家榜出品,浙江文艺出版社,¥29.80,402.
奥斯丁,31417条评论,傲慢与偏见（孙致礼先生的译本，幽默&唯美，豆瓣评分9.1分）,西安交通大学出版社,¥29.40,403.
贝西·艾芙瑞,30684条评论,信谊世界精选图画书·生气汤,明天出版社,¥29.10,404.
度阴山,40248条评论,知行合一王阳明大全集（1+2+3+传习录，套装共4册）,北京时代华文书局,¥108.00,405.
张乐平,16999条评论,三毛流浪记全集（彩图注释版）,少年儿童出版社,¥120.20,406.
孙家裕,1477条评论,大中华寻宝系列16 湖南寻宝记 我的第一本科学漫画书,二十一世纪出版社,¥22.50,407.
迈普里斯·安徒生,48365条评论,呀！屁股,希望出版社,¥23.50,408.
乔恩·伍德科克,2248条评论,DK编程真好玩：6岁开始学Scratch,南海出版公司,¥78.30,409.
西村敏雄,13485条评论,你好，安东医生,连环画出版社,¥29.10,410.
鸟哥,39588条评论,鸟哥的Linux私房菜 基础学习篇(第三版)(Linux领域名人鸟哥带你迈,人民邮电出版社,¥78.30,411.
鲁迅,52236条评论,阿Q正传（“精神胜利法”的悲喜剧，另收录《狂人日记》等鲁迅名篇,北京联合出版公司,¥19.00,412.
图说天下·国家地理,54956条评论,走遍中国 图说天下 国家地理,北京联合出版公司,¥14.90,413.
果麦,2091条评论,孩子们的诗（天天向上汪涵推荐！诗不在远方，就长在心上。陈坤、,浙江文艺出版社,¥46.90,414.
安妮特·西蒙斯,45037条评论,你的团队需要一个会讲故事的人,江苏文艺出版社,¥31.80,415.
曹文轩,36738条评论,曹文轩纯美小说*青铜葵花(2016版),江苏少年儿童出版社,¥17.40,416.
麦克尔·莫斯利,71441条评论,轻断食：正在横扫全球的瘦身革命,广东科技出版社,¥27.60,417.
吉尔曼,187920条评论,信谊世界精选图画书·爷爷一定有办法,明天出版社,¥29.10,418.
马里奥,13208条评论,睡觉去，小怪物！,北京联合出版公司,¥18.00,419.
当年明月,23769条评论,明朝那些事儿全集（经典版全7册，新版）,浙江人民出版社,¥204.90,420.
袁腾飞,90965条评论,这个历史挺靠谱：袁腾飞讲历史（全三册）,湖南人民出版社,¥79.20,421.
弗雷德里克·巴克曼,4906条评论,一个叫欧维的男人决定去死（畅销44国，全球销量超过730万册。）,四川文艺出版社,¥31.60,422.
李雪,46186条评论,[武志红力荐]当我遇见一个人（母亲即命运，知名心理学家李雪真诚,北京联合出版公司,¥31.00,423.
张立辉,74540条评论,很杂很杂的杂学知识：拿得起放不下的学问书（让百度疯狂，谷歌抽,中国画报出版社,¥27.00,424.
玛格丽特·杜拉斯,34759条评论,情人（杜拉斯百年诞辰作品系列）,上海译文出版社,¥23.80,425.
埃克苏佩里,27790条评论,小王子（2017未删节全新珍藏版，荣获法国政府勋章大奖诗人译本）,浙江文艺出版社,¥27.50,426.
杨绛,17434条评论,我们仨（当当网独家布面精装珍藏版）,生活.读书.新知三联书店,¥38.50,427.
伊万·波莫,56160条评论,我们，我们的历史,光明日报出版社,¥68.80,428.
彼得.弗兰科潘,85582条评论,丝绸之路：一部全新的世界史（关心一带一路，必读丝绸之路）,浙江大学出版社,¥96.00,429.
李相培,10475条评论,国际大奖小说--爱上读书的妖怪,新蕾出版社,¥15.60,430.
克尼斯特,39399条评论,遇见美好系列（第1辑，全8册）,中信出版社,¥121.90,431.
Steve,20004条评论,养育女孩,中信出版社,¥29.80,432.
孙家裕,1363条评论,我的第一本大中华寻宝漫画书（9-12）甘肃/陕西/江西/江苏,二十一世纪出版社,¥89.80,433.
凯特·汤普森,132909条评论,寻找时间的人（与《追风筝的人》《偷书贼》共同荣获美国年度最佳,江苏文艺出版社,¥30.40,434.
乔治·奥威尔,197条评论,一九八四（又译作“1984”）,时代文艺出版社,¥27.20,435.
苏斯,56400条评论,苏斯博士经典绘本（全15册）,连环画出版社,¥152.50,436.
菲比·吉尔曼,40088条评论,爷爷一定有办法 信谊世界精选图画书,明天出版社,¥34.40,437.
东野圭吾,22789条评论,流星之绊,南海出版公司,¥40.20,438.
凯勒,56308条评论,假如给我三天光明（新课标，名家翻译，非改写&非编译本，海伦·凯,安徽教育出版社,¥14.20,439.
毛姆,17081条评论,面纱（毛姆经典作品）,黑龙江科学技术出版社,¥20.80,440.
佩特·哈群斯,72947条评论,信谊世界精选图画书·母鸡萝丝去散步,明天出版社,¥24.60,441.
莱曼·兰克·鲍姆,8198条评论,百年童话绘本·典藏版第1辑（全6册）,北京联合出版公司,¥86.20,442.
简·尼尔森,34532条评论,《0～3岁孩子的正面管教》,北京联合出版公司,¥30.00,443.
罗敷,98138条评论,这么慢，那么美,中国友谊出版公司,¥32.00,444.
人民日报评论部,34692条评论,习近平用典 团购更划算010-57993149（特例品不参加促销）,人民日报出版社,¥24.60,445.
菲尔,144949条评论,气场——改变全球1600万人命运的强大蝴蝶效应，比尔·盖茨、奥巴,重庆出版社,¥25.00,446.
夏洛蒂勃朗特,43026条评论,简爱（浙大翻译家宋兆霖翻译，未删减全本。）九年级下册必读书目,作家出版社,¥29.80,447.
科恩,20397条评论,游戏力Ⅱ：轻推，帮孩子战胜童年焦虑,中国人口出版社,¥33.00,448.
樊登,423条评论,可复制的领导力：樊登的9堂商业课（团购，请致电010-57993149）,中信出版社,¥46.60,449.
威廉·西尔斯,61915条评论,西尔斯怀孕百科（全新升级版）,南海出版公司,¥40.90,450.
田村茂,58193条评论,蚂蚁和西瓜,２１世纪出版社,¥25.80,451.
查普曼,45448条评论,爱的五种语言:创造完美的两性沟通（附夫妻自我测试题，数次荣登纽,江西人民出版社,¥23.00,452.
史蒂夫·安东尼,255条评论,熊猫先生礼仪课堂（全4册）,中信出版社,¥67.70,453.
歪歪兔关键期早教项目组,47001条评论,做最富足的自己（歪歪兔财商教育童话，全10册）,海豚出版社,¥80.20,454.
西蒙娜德波伏瓦,23793条评论,第二性（ⅠⅡ 全两册）,上海译文出版社,¥74.60,455.
菊长大人,282条评论,我的手绘不可能这么萌 萌系手帐插画教程,人民邮电出版社,¥41.80,456.
米兰·昆德拉,7500条评论,不能承受的生命之轻（新）,上海译文出版社,¥37.10,457.
刘瑜,12777条评论,送你一颗子弹,东方出版中心,¥27.70,458.
儒勒·凡尔纳,3101条评论,海底两万里（新课标）,浙江工商大学出版社,¥19.80,459.
鲁道夫德雷克斯,51850条评论,孩子：挑战,生活.读书.新知三联书店,¥38.10,460.
